<?xml version="1.0" encoding="UTF-8"?>

<process name="holiday" xmlns="http://jbpm.org/4.4/jpdl"> 
   <start name="start1" g="211,21,48,48">
      <transition name="to 员工请假申请" to="员工请假申请" g="-95,-17"/>
   </start>
   <end name="end1" g="206,288,48,48"/>
   <task name="员工请假申请" g="188,105,92,52">
      <transition name="to 部门经理审批" to="部门经理审批" g="-95,-17"/>
   </task>
   <task name="部门经理审批" g="192,192,92,52">
      <transition name="to end1" to="end1" g="-47,-17"/>
   </task>
</process>